dataset,flakyTrain,nonFlakyTrain,flakyTest,nonFlakyTest,k,sigma,precision,recall,storage,preparationTime,predictionTime
ambari,3.0,6.0,1.0,2.0,3,0.5,1.0,0.4666666666666667,26765,0.02869373500000006,0.003940107222222239
ambari,3.0,6.0,1.0,2.0,3,0.95,-,0.0,26765,0.02731801833333338,0.0036395116666666835
ambari,3.0,6.0,1.0,2.0,7,0.5,1.0,0.4,26765,0.01979647999999994,0.0032427088888888895
ambari,3.0,6.0,1.0,2.0,7,0.95,-,0.0,26765,0.018724896666666775,0.00322530000000003
